{
    "data":[
    {
        "id": 12345,
        "nombre": "Pizza Italiana",
        "descripcion": "La pizza tiene tomate y jamón.",
        "precio": 533,
        "imagen": "product1.jpg"
    },
    {
        "id": 2,
        "nombre": "Pepperoni Pizza",
        "descripcion": "Pizza topped with pepperoni and cheese",
        "precio": 1257,
        "imagen": "product2.jpg"
    },
    {
        "id": 12346,
        "nombre": "Pizza 3 Quesos",
        "descripcion": "Pizza que tiene 3 quesos diferentes",
        "precio": 1000,
        "imagen": "product3.webp"
    },
    {
        "id": 5432,
        "nombre": "Pizza 3 Estaciones",
        "descripcion": "Tiene 3 mitades",
        "precio": 1222,
        "imagen": "product4.png"
    },
    {
        "id":73362,
        "nombre":"Pizza New York",
        "descripcion":"La pizza New York es famosa por tener una masa delgada pero no crujiente que puede llevarse en la mano y doblar para comerse, además es la reina en cuanto al tipo de ingredientes que introdujo.",
        "precio":1234,
        "imagen":"product5.jpg"
    },
    {
        "id":"73322",
        "nombre":"Pizza Chicago ",
        "descripcion":"Siendo una pizza honda, la Chicago también se prepara de forma diferente, ya que su relleno de carne y salchichas y embutidos italianos va sobre la masa y es recubierto de mucho queso y salsa de tomate en la parte superior.",
        "precio":5323,
        "imagen":"product6.jpg"
    },
    {
        "id":2322,
        "nombre":"pizza 1725",
        "descripcion":"dbhdbhdbhbfdhfj",
        "precio":2347,
        "imagen":"product7.jpg"
    }
]
}
